{
	"credit": "Made with Blockbench",
	"parent": "block/block",
	"textures": {
		"1": "computercraft:block/turtle_advanced_modem_upgrade",
		"2": "computercraft:block/wireless_antenna"
	},
	"elements": [
		{
			"from": [0, 3, 3],
			"to": [2, 13, 11],
			"faces": {
				"north": {"uv": [11, 0, 10, 5], "texture": "#1"},
				"east": {"uv": [0, 0, 5, 5], "texture": "#1"},
				"south": {"uv": [10, 0, 11, 5], "texture": "#1"},
				"west": {"uv": [5, 0, 10, 5], "texture": "#1"},
				"up": {"uv": [5, 5.5, 10, 4.5], "rotation": 90, "texture": "#1"},
				"down": {"uv": [5, 5.5, 10, 4.5], "rotation": 90, "texture": "#1"}
			}
		},
		{
			"from": [-3, 16, 2],
			"to": [2, 16, 7],
			"faces": {
				"north": {"uv": [0, 0, 5, 0], "texture": "#2"},
				"east": {"uv": [0, 0, 5, 0], "texture": "#2"},
				"south": {"uv": [0, 0, 5, 0], "texture": "#2"},
				"west": {"uv": [0, 0, 5, 0], "texture": "#2"},
				"up": {"uv": [4, 9, 9, 14], "texture": "#2"},
				"down": {"uv": [4, 1, 9, 6], "texture": "#2"}
			}
		},
		{
			"from": [-3, 16, 2],
			"to": [-3, 17, 7],
			"faces": {
				"north": {"uv": [4, 1, 4, 2], "texture": "#2"},
				"east": {"uv": [4, 1, 9, 2], "texture": "#2"},
				"south": {"uv": [4, 1, 4, 2], "texture": "#2"},
				"west": {"uv": [4, 1, 9, 2], "texture": "#2"},
				"up": {"uv": [4, 1, 4, 6], "texture": "#2"},
				"down": {"uv": [4, 1, 4, 6], "texture": "#2"}
			}
		},
		{
			"from": [2, 16, 2],
			"to": [2, 17, 7],
			"faces": {
				"north": {"uv": [4, 1, 4, 2], "texture": "#2"},
				"east": {"uv": [4, 1, 9, 2], "texture": "#2"},
				"south": {"uv": [4, 1, 4, 2], "texture": "#2"},
				"west": {"uv": [4, 1, 9, 2], "texture": "#2"},
				"up": {"uv": [4, 1, 4, 6], "texture": "#2"},
				"down": {"uv": [4, 1, 4, 6], "texture": "#2"}
			}
		},
		{
			"from": [-3, 16, 2],
			"to": [2, 17, 2],
			"faces": {
				"north": {"uv": [4, 1, 9, 2], "texture": "#2"},
				"east": {"uv": [4, 1, 4, 2], "texture": "#2"},
				"south": {"uv": [4, 1, 9, 2], "texture": "#2"},
				"west": {"uv": [4, 1, 4, 2], "texture": "#2"},
				"up": {"uv": [4, 1, 9, 1], "texture": "#2"},
				"down": {"uv": [4, 1, 9, 1], "texture": "#2"}
			}
		},
		{
			"from": [-3, 16, 7],
			"to": [2, 17, 7],
			"faces": {
				"north": {"uv": [4, 1, 9, 2], "texture": "#2"},
				"east": {"uv": [4, 1, 4, 2], "texture": "#2"},
				"south": {"uv": [4, 1, 9, 2], "texture": "#2"},
				"west": {"uv": [4, 1, 4, 2], "texture": "#2"},
				"up": {"uv": [4, 1, 9, 1], "texture": "#2"},
				"down": {"uv": [4, 1, 9, 1], "texture": "#2"}
			}
		},
		{
			"from": [-3, 17, 0],
			"to": [2, 17, 2],
			"faces": {
				"north": {"uv": [3, 0, 10, 0], "texture": "#2"},
				"east": {"uv": [3, 0, 5, 0], "texture": "#2"},
				"south": {"uv": [3, 0, 10, 0], "texture": "#2"},
				"west": {"uv": [3, 0, 5, 0], "texture": "#2"},
				"up": {"uv": [4, 0, 9, 2], "texture": "#2"},
				"down": {"uv": [4, 2, 9, 0], "texture": "#2"}
			}
		},
		{
			"from": [-3, 17, 7],
			"to": [2, 17, 9],
			"faces": {
				"north": {"uv": [4, 0, 9, 0], "texture": "#2"},
				"east": {"uv": [4, 0, 6, 0], "texture": "#2"},
				"south": {"uv": [4, 0, 9, 0], "texture": "#2"},
				"west": {"uv": [4, 0, 6, 0], "texture": "#2"},
				"up": {"uv": [4, 2, 9, 0], "texture": "#2"},
				"down": {"uv": [4, 0, 9, 2], "texture": "#2"}
			}
		},
		{
			"from": [-5, 17, 2],
			"to": [-3, 17, 7],
			"faces": {
				"north": {"uv": [3, 1, 5, 1], "texture": "#2"},
				"east": {"uv": [3, 1, 8, 1], "texture": "#2"},
				"south": {"uv": [3, 1, 5, 1], "texture": "#2"},
				"west": {"uv": [3, 1, 8, 1], "texture": "#2"},
				"up": {"uv": [3, 1, 5, 6], "texture": "#2"},
				"down": {"uv": [3, 1, 5, 6], "texture": "#2"}
			}
		},
		{
			"from": [2, 17, 2],
			"to": [4, 17, 7],
			"faces": {
				"north": {"uv": [8, 1, 10, 1], "texture": "#2"},
				"east": {"uv": [0, 0, 5, 0], "texture": "#2"},
				"south": {"uv": [8, 1, 10, 1], "texture": "#2"},
				"west": {"uv": [0, 0, 5, 0], "texture": "#2"},
				"up": {"uv": [8, 1, 10, 6], "texture": "#2"},
				"down": {"uv": [8, 1, 10, 6], "texture": "#2"}
			}
		},
		{
			"name": "Antenne",
			"from": [-1, 10, 4],
			"to": [0, 19, 5],
			"faces": {
				"north": {"uv": [11, 1, 12, 10], "texture": "#2"},
				"east": {"uv": [11, 1, 12, 10], "texture": "#2"},
				"south": {"uv": [11, 1, 12, 10], "texture": "#2"},
				"west": {"uv": [11, 1, 12, 10], "texture": "#2"},
				"up": {"uv": [11, 1, 12, 2], "texture": "#2"},
				"down": {"uv": [11, 9, 12, 10], "texture": "#2"}
			}
		}
	],
	"groups": [
		0,
		{
			"name": "Parabole",
			"origin": [0, 0, 0],
			"color": 0,
			"children": [1, 2, 3, 4, 5, 6, 7, 8, 9]
		},
		10
	]
}