{
	"type": "create:compacting",
	"ingredients": [
	  {
		"item": "create:copper_nugget"
	  },
	  {
		"item": "create:copper_nugget"
	  },
	  {
		"item": "create:copper_nugget"
	  },
	  {
		"item": "create:copper_nugget"
	  },
	  {
		"item": "create:copper_nugget"
	  },
	  {
		"item": "create:copper_nugget"
	  },
	  {
		"item": "create:copper_nugget"
	  },
	  {
		"item": "create:copper_nugget"
	  },
	  {
		"item": "create:copper_nugget"
	  },
	  {
		"item": "create:copper_nugget"
	  },
	  {
		"item": "create:copper_nugget"
	  },
	  {
		"item": "create:copper_nugget"
	  },
	  {
		"item": "create:copper_nugget"
	  },
	  {
		"item": "create:copper_nugget"
	  },
	  {
		"item": "create:copper_nugget"
	  },
	  {
		"item": "minecraft:gravel"
	  },
	  {
		"item": "minecraft:gravel"
	  },
	  {
		"fluid": "minecraft:lava",
		"nbt": {},
		"amount": 250
	  }
	],
	"results": [
	  {
		"item": "create:veridium",
		"count": 2
	  }
	]
  }