{
  "parent": "block/cube",
  "textures": {
    "down": "deeper_nether_biomes:blocks/basalt_top",
    "up": "deeper_nether_biomes:blocks/basalt_quartz_ore_0",
    "north": "deeper_nether_biomes:blocks/basalt_quartz_ore_0",
    "east": "deeper_nether_biomes:blocks/basalt_quartz_ore_0",
    "south": "deeper_nether_biomes:blocks/basalt_quartz_ore_0",
    "west": "deeper_nether_biomes:blocks/basalt_quartz_ore_0",
    "particle": "deeper_nether_biomes:blocks/basalt_quartz_ore_0"
  },
  "render_type": "solid"
}