{
	"credit": "Made with Blockbench",
	"parent": "block/block",
	"textures": {
		"0": "computercraft:block/wireless_modem_normal",
		"1": "computercraft:block/wireless_antenna",
		"particle": "computercraft:block/wireless_modem_normal"
	},
	"elements": [
		{
			"name": "Corps",
			"from": [3, 1, 0],
			"to": [13, 15, 4],
			"faces": {
				"north": {"uv": [0, 0, 5, 7], "rotation": 180, "texture": "#0"},
				"east": {"uv": [10, 0, 12, 7], "texture": "#0"},
				"south": {"uv": [5, 0, 10, 7], "texture": "#0"},
				"west": {"uv": [10, 0, 12, 7], "rotation": 180, "texture": "#0"},
				"up": {"uv": [5, 7, 10, 9], "rotation": 180, "texture": "#0"},
				"down": {"uv": [5, 7, 10, 9], "texture": "#0"}
			}
		},
		{
			"name": "Antenne",
			"from": [4, 12, 4],
			"to": [5, 21, 5],
			"faces": {
				"north": {"uv": [1, 1, 2, 10], "texture": "#1"},
				"east": {"uv": [1, 1, 2, 10], "texture": "#1"},
				"south": {"uv": [1, 1, 2, 10], "texture": "#1"},
				"west": {"uv": [1, 1, 2, 10], "texture": "#1"},
				"up": {"uv": [1, 1, 2, 2], "texture": "#1"},
				"down": {"uv": [1, 9, 2, 10], "texture": "#1"}
			}
		},
		{
			"from": [2, 18, 2],
			"to": [7, 18, 7],
			"faces": {
				"north": {"uv": [0, 0, 5, 0], "texture": "#missing"},
				"east": {"uv": [0, 0, 5, 0], "texture": "#missing"},
				"south": {"uv": [0, 0, 5, 0], "texture": "#missing"},
				"west": {"uv": [0, 0, 5, 0], "texture": "#missing"},
				"up": {"uv": [4, 1, 9, 6], "texture": "#1"},
				"down": {"uv": [4, 1, 9, 6], "texture": "#1"}
			}
		},
		{
			"from": [2, 18, 2],
			"to": [2, 19, 7],
			"faces": {
				"north": {"uv": [4, 1, 4, 2], "texture": "#1"},
				"east": {"uv": [4, 1, 9, 2], "texture": "#1"},
				"south": {"uv": [4, 1, 4, 2], "texture": "#1"},
				"west": {"uv": [4, 1, 9, 2], "texture": "#1"},
				"up": {"uv": [4, 1, 4, 6], "texture": "#1"},
				"down": {"uv": [4, 1, 4, 6], "texture": "#1"}
			}
		},
		{
			"from": [7, 18, 2],
			"to": [7, 19, 7],
			"faces": {
				"north": {"uv": [4, 1, 4, 2], "texture": "#1"},
				"east": {"uv": [4, 1, 9, 2], "texture": "#1"},
				"south": {"uv": [4, 1, 4, 2], "texture": "#1"},
				"west": {"uv": [4, 1, 9, 2], "texture": "#1"},
				"up": {"uv": [4, 1, 4, 6], "texture": "#1"},
				"down": {"uv": [4, 1, 4, 6], "texture": "#1"}
			}
		},
		{
			"from": [2, 18, 2],
			"to": [7, 19, 2],
			"faces": {
				"north": {"uv": [4, 1, 9, 2], "texture": "#1"},
				"east": {"uv": [4, 1, 4, 2], "texture": "#1"},
				"south": {"uv": [4, 1, 9, 2], "texture": "#1"},
				"west": {"uv": [4, 1, 4, 2], "texture": "#1"},
				"up": {"uv": [4, 1, 9, 1], "texture": "#1"},
				"down": {"uv": [4, 1, 9, 1], "texture": "#1"}
			}
		},
		{
			"from": [2, 18, 7],
			"to": [7, 19, 7],
			"faces": {
				"north": {"uv": [4, 1, 9, 2], "texture": "#1"},
				"east": {"uv": [4, 1, 4, 2], "texture": "#1"},
				"south": {"uv": [4, 1, 9, 2], "texture": "#1"},
				"west": {"uv": [4, 1, 4, 2], "texture": "#1"},
				"up": {"uv": [4, 1, 9, 1], "texture": "#1"},
				"down": {"uv": [4, 1, 9, 1], "texture": "#1"}
			}
		},
		{
			"from": [2, 19, 0],
			"to": [7, 19, 2],
			"faces": {
				"north": {"uv": [3, 0, 10, 0], "texture": "#1"},
				"east": {"uv": [3, 0, 5, 0], "texture": "#1"},
				"south": {"uv": [3, 0, 10, 0], "texture": "#1"},
				"west": {"uv": [3, 0, 5, 0], "texture": "#1"},
				"up": {"uv": [4, 0, 9, 2], "texture": "#1"},
				"down": {"uv": [4, 2, 9, 0], "texture": "#1"}
			}
		},
		{
			"from": [2, 19, 7],
			"to": [7, 19, 9],
			"faces": {
				"north": {"uv": [4, 0, 9, 0], "texture": "#1"},
				"east": {"uv": [4, 0, 6, 0], "texture": "#1"},
				"south": {"uv": [4, 0, 9, 0], "texture": "#1"},
				"west": {"uv": [4, 0, 6, 0], "texture": "#1"},
				"up": {"uv": [4, 2, 9, 0], "texture": "#1"},
				"down": {"uv": [4, 0, 9, 2], "texture": "#1"}
			}
		},
		{
			"from": [0, 19, 2],
			"to": [2, 19, 7],
			"faces": {
				"north": {"uv": [3, 1, 5, 1], "texture": "#1"},
				"east": {"uv": [3, 1, 8, 1], "texture": "#1"},
				"south": {"uv": [3, 1, 5, 1], "texture": "#1"},
				"west": {"uv": [3, 1, 8, 1], "texture": "#1"},
				"up": {"uv": [3, 1, 5, 6], "texture": "#1"},
				"down": {"uv": [3, 1, 5, 6], "texture": "#1"}
			}
		},
		{
			"from": [7, 19, 2],
			"to": [9, 19, 7],
			"faces": {
				"north": {"uv": [8, 1, 10, 1], "texture": "#1"},
				"east": {"uv": [0, 0, 5, 0], "texture": "#1"},
				"south": {"uv": [8, 1, 10, 1], "texture": "#1"},
				"west": {"uv": [0, 0, 5, 0], "texture": "#1"},
				"up": {"uv": [8, 1, 10, 6], "texture": "#1"},
				"down": {"uv": [8, 1, 10, 6], "texture": "#1"}
			}
		}
	],
	"groups": [
		0,
		1,
		{
			"name": "Parabole",
			"origin": [0, 0, 0],
			"color": 0,
			"children": [2, 3, 4, 5, 6, 7, 8, 9, 10]
		}
	]
}