{
  "type": "repurposed_structures:city_nether_structure",
  "config": {
    "start_pool": "betteroceanmonuments:nether/starts",
    "size": 20,
    "structure_set_avoid_radius_check": 3,
    "structure_set_to_avoid": [
      "repurposed_structures:cities_nether",
      "repurposed_structures:shipwrecks_nether",
      "repurposed_structures:outposts_nether",
      "minecraft:nether_complexes"
    ]
  },
  "biomes": "#repurposed_structures:has_structure/monuments/nether",
  "adapt_noise": false,
  "terrain_adaptation": "none",
  "spawn_overrides": {
    "monster": {
      "bounding_box": "piece",
      "spawns": [
        {
          "type": "minecraft:magma_cube",
          "weight": 20,
          "minCount": 1,
          "maxCount": 3
        },
        {
          "type": "minecraft:wither_skeleton",
          "weight": 10,
          "minCount": 1,
          "maxCount": 3
        },
        {
          "type": "minecraft:ghast",
          "weight": 5,
          "minCount": 1,
          "maxCount": 1
        }
      ]
    }
  }
}