{
  "type": "repurposed_structures:buriable_structure",
  "config": {
    "start_pool": "betteroceanmonuments:icy/starts",
    "size": 20,
    "offset_amount": 0
  },
  "biomes": "#repurposed_structures:has_structure/monuments/icy",
  "adapt_noise": false,
  "spawn_overrides": {
    "monster": {
      "bounding_box": "piece",
      "spawns": [
        {
          "type": "minecraft:stray",
          "weight": 99,
          "minCount": 1,
          "maxCount": 3
        },
        {
          "type": "minecraft:vex",
          "weight": 1,
          "minCount": 1,
          "maxCount": 1
        }
      ]
    }
  }
}