{
  "type": "repurposed_structures:buriable_structure",
  "config": {
    "start_pool": "betteroceanmonuments:desert/starts",
    "size": 20,
    "offset_amount": 0
  },
  "biomes": "#repurposed_structures:has_structure/monuments/desert",
  "adapt_noise": false,
  "spawn_overrides": {
    "monster": {
      "bounding_box": "piece",
      "spawns": [
        {
          "type": "minecraft:husk",
          "weight": 20,
          "minCount": 1,
          "maxCount": 4
        },
        {
          "type": "minecraft:creeper",
          "weight": 15,
          "minCount": 1,
          "maxCount": 2
        },
        {
          "type": "minecraft:skeleton",
          "weight": 10,
          "minCount": 1,
          "maxCount": 3
        }
      ]
    }
  }
}