{
  "type": "repurposed_structures:buriable_structure",
  "config": {
    "start_pool": "betteroceanmonuments:jungle/starts",
    "size": 20,
    "offset_amount": 0
  },
  "biomes": "#repurposed_structures:has_structure/monuments/jungle",
  "adapt_noise": false,
  "spawn_overrides": {
    "monster": {
      "bounding_box": "piece",
      "spawns": [
        {
          "type": "minecraft:spider",
          "weight": 25,
          "minCount": 1,
          "maxCount": 2
        },
        {
          "type": "minecraft:skeleton",
          "weight": 10,
          "minCount": 1,
          "maxCount": 3
        }
      ]
    }
  }
}