{
	"credit": "Made with Blockbench",
	"ambientocclusion": false,
	"texture_size": [32, 32],
	"textures": {
		"0": "brewinandchewin:item/red_rum",
		"particle": "brewinandchewin:item/red_rum"
	},
	"elements": [
		{
			"name": "tankard",
			"from": [5, 0, 5],
			"to": [11, 7, 11],
			"rotation": {"angle": 0, "axis": "y", "origin": [8, 0, 8]},
			"faces": {
				"north": {"uv": [3, 3, 6, 6.5], "texture": "#0"},
				"east": {"uv": [0, 3, 3, 6.5], "texture": "#0"},
				"south": {"uv": [9, 3, 12, 6.5], "texture": "#0"},
				"west": {"uv": [6, 3, 9, 6.5], "texture": "#0"},
				"up": {"uv": [6, 3, 3, 0], "texture": "#0"},
				"down": {"uv": [9, 0, 6, 3], "texture": "#0"}
			}
		},
		{
			"name": "handle",
			"from": [7, 0, 11],
			"to": [9, 6, 13],
			"rotation": {"angle": 0, "axis": "y", "origin": [7, 0, 7]},
			"faces": {
				"north": {"uv": [1, 10.5, 2, 13.5], "texture": "#0"},
				"east": {"uv": [0, 10.5, 1, 13.5], "texture": "#0"},
				"south": {"uv": [3, 10.5, 4, 13.5], "texture": "#0"},
				"west": {"uv": [2, 10.5, 3, 13.5], "texture": "#0"},
				"up": {"uv": [2, 10.5, 1, 9.5], "texture": "#0"},
				"down": {"uv": [3, 9.5, 2, 10.5], "texture": "#0"}
			}
		},
		{
			"name": "steam_plane_1",
			"from": [8, 7, 5],
			"to": [8, 13, 11],
			"rotation": {"angle": 0, "axis": "y", "origin": [8, 10, 8]},
			"faces": {
				"north": {"uv": [3, 6.5, 3, 9.5], "texture": "#0"},
				"east": {"uv": [0, 6.5, 3, 9.5], "texture": "#0"},
				"south": {"uv": [6, 6.5, 6, 9.5], "texture": "#0"},
				"west": {"uv": [3, 6.5, 6, 9.5], "texture": "#0"},
				"up": {"uv": [3, 6.5, 3, 3.5], "texture": "#0"},
				"down": {"uv": [3, 3.5, 3, 6.5], "texture": "#0"}
			}
		},
		{
			"name": "steam_plane_2",
			"from": [5, 7, 8],
			"to": [11, 13, 8],
			"rotation": {"angle": 0, "axis": "y", "origin": [8, 10, 8]},
			"faces": {
				"north": {"uv": [6, 6.5, 9, 9.5], "texture": "#0"},
				"east": {"uv": [6, 6.5, 6, 9.5], "texture": "#0"},
				"south": {"uv": [9, 6.5, 12, 9.5], "texture": "#0"},
				"west": {"uv": [9, 6.5, 9, 9.5], "texture": "#0"},
				"up": {"uv": [9, 6.5, 6, 6.5], "rotation": 90, "texture": "#0"},
				"down": {"uv": [12, 6.5, 9, 6.5], "rotation": 270, "texture": "#0"}
			}
		},
		{
			"name": "extra",
			"from": [4.75, 7.25, 7],
			"to": [4.75, 11.25, 10],
			"rotation": {"angle": 45, "axis": "z", "origin": [6, 9, 8.5]},
			"faces": {
				"north": {"uv": [5.5, 9.5, 5.5, 11.5], "texture": "#0"},
				"east": {"uv": [7, 9.5, 5.5, 11.5], "texture": "#0"},
				"south": {"uv": [7, 9.5, 7, 11.5], "texture": "#0"},
				"west": {"uv": [5.5, 9.5, 4, 11.5], "texture": "#0"},
				"up": {"uv": [5.5, 9.5, 5.5, 8], "texture": "#0"},
				"down": {"uv": [5.5, 8, 5.5, 9.5], "texture": "#0"}
			}
		}
	],
	"display": {
		"thirdperson_righthand": {
			"rotation": [57.25, 0, 0],
			"translation": [0, 3.5, 1.25],
			"scale": [0.66015, 0.66015, 0.66015]
		},
		"thirdperson_lefthand": {
			"rotation": [57.25, 0, 0],
			"translation": [0, 3.5, 1.25],
			"scale": [0.66015, 0.66015, 0.66015]
		},
		"firstperson_righthand": {
			"translation": [0, 5.25, 0],
			"scale": [0.81445, 0.81445, 0.81445]
		},
		"firstperson_lefthand": {
			"translation": [0, 5.25, 0],
			"scale": [0.81445, 0.81445, 0.81445]
		},
		"ground": {
			"translation": [0, 6.25, 0]
		},
		"gui": {
			"rotation": [45, -45, 0],
			"translation": [0, 2.75, 0]
		},
		"head": {
			"rotation": [0, -45, 0],
			"translation": [0, 14.25, 0]
		},
		"fixed": {
			"translation": [0, 8, 1],
			"scale": [1.73242, 1.73242, 1.73242]
		}
	},
	"groups": [
		{
			"name": "tankard",
			"origin": [8, 8, 8],
			"color": 0,
			"children": [0, 1, 2, 3, 4]
		}
	]
}